MSE,MAE,MAPE,RMSE
0.00119,0.02324,3.88638,0.03443
0.00119,0.02339,3.91854,0.03454
0.00118,0.0232,3.87767,0.03441
0.00118,0.02308,3.83615,0.03436
